source,target,type,status,scope,note
F1,F2,same_target_different_rule,RESTRICTED,"respuesta métrica común entre especies","F1 usa controles Pauli-selective; F2 usa embedding afín común"
F2,F3,subclass,ESTABLISHED_FROM_ATLAS,"sucesor contractual del embedding común","F3 añade hopping unitario orientado y falla por orientación"
F2,F4,subclass,ESTABLISHED_FROM_ATLAS,"sucesor contractual del embedding común","F4 usa respuesta hermítica y hereda el marco del embedding"
F3,F4,contrast,RESTRICTED,"dos reglas de hopping sucesoras de F2","no son sustituciones ni rescates mutuos"
F5,F6,obstruction_scope,RESTRICTED,"F5: tick original, celda C2, un factor por coordenada","la regla agrupada F6 no queda excluida sin reducción"
F7,F10,contrast,RESTRICTED,"grafos dinámicos frente a extensión gauge CA","no hay regla común ni equivalencia"
F8,F9,architectural_complement,ESTABLISHED_FROM_ATLAS,"constraints/helicidad frente a Gauss rank-2/fractones","arquitecturas relacionadas con objetos distintos"
F9,F18,prior_art_bridge,RESTRICTED,"paisaje rank-2 y mecanismo fractónico","F18 no es implementación QCA de F9"
F10,F11,architectural_complement,RESTRICTED,"CA gauge-invariant frente a acción/corriente U(1)","campos clásicos y reglas conjuntas no equivalentes"
F13,F14,subclass,RESTRICTED,"F14: s=2, Z^d e isotropía","F13 permite espacio interno y evoluciones más generales"
F14,F15,independent_check,RESTRICTED,"Weyl/Dirac desde clasificación frente a principios informacionales","antecedentes relacionados, no prueba métrica"
F14,F12,shared_support,RESTRICTED,"Weyl 3D/BCC","F14 clasifica; F12 construye Maxwell compuesto"
F14,F16,shared_support,RESTRICTED,"regla Weyl/Dirac en red","identidad de operadores no certificada"
F15,F16,same_target_different_rule,RESTRICTED,"QCA Weyl/Dirac","axiomas informacionales frente a regla explícita"
F14,F17,shared_support,RESTRICTED,"Weyl walk BCC","F17 estudia simetría de momentos, no métrica dinámica"
F12,F17,shared_support,RESTRICTED,"sector Weyl BCC","Maxwell compuesto frente a simetría no lineal"
F8,F19,architectural_complement,ABSENT,"constraints tensoriales frente a gauge efectivo","no hay puente microscópico comprobado"
F9,F19,architectural_complement,ABSENT,"gauge rank-2 frente a emergencia gauge efectiva","no hay identificación de reglas"
F18,F19,architectural_complement,ABSENT,"gravedad fractónica frente a difeomorfismos efectivos","niveles de descripción distintos"
F18,F20,contrast,ESTABLISHED_FROM_ATLAS,"fractones rank-2 frente a Bose/Lifshitz","mecanismos IR distintos"
F19,F20,contrast,RESTRICTED,"mecanismo efectivo frente a materia de red","no comparten regla microscópica"
